Parameter,Initial_Value,Fitted_Value,Standard_Error
I_c,8.679976466913343e-07,4.745478851464613e-07,0.0
f,4894700.000000008,4894618.143991541,0.0
d,0.0029000000000000002,0.002900021933579325,0.0
phi_0,-1.5947036445789542,-1.5928725622953914,0.0
T,0.5,0.4934760298594737,0.0
r,0.0032959992365865737,0.003378247146351619,0.0
C,1.705748502994012e-06,1.6926008131600801e-06,0.0
