Parameter,Initial_Value,Fitted_Value,Standard_Error
I_c,4.5193656153575557e-07,4.5193656141677756e-07,0.0
f,4874333.33333332,4873658.375526268,0.0
d,0.0,-0.0009078031586611246,0.0
phi_0,-1.6095425673241963,-1.6095425682008893,0.0
T,0.5,0.49999999999541506,0.0
r,-0.0028011502265598786,-0.002801148409410297,0.0
C,7.804635761589403e-07,7.804635728399861e-07,0.0
