Parameter,Initial_Value,Fitted_Value,Standard_Error
I_c,4.5193656153575557e-07,4.5193656152794587e-07,0.0
f,4874333.33333332,4874211.7595312055,0.0
d,0.0,-0.0030296089694470396,0.0
phi_0,-1.6095425673241963,-1.6095425674548451,0.0
T,0.5,0.49999999999993894,0.0
r,-0.0028011502265598786,-0.0028011502752509007,0.0
C,-2.5983939463235672e-21,-1.4877540795458707e-16,0.0
