Parameter,Initial_Value,Fitted_Value,Standard_Error
I_c,5.495087398365392e-07,5.495087398365381e-07,0.0
f,4894700.000000008,4894700.003582998,0.0
d,0.0,-2.3201429044661381e-07,0.0
phi_0,-1.5947036445789542,-1.5947036445789573,0.0
T,0.5,0.5,0.0
r,0.0032959992365865737,0.0032959992365539856,0.0
C,3.328556129201115e-21,-4.573977915173222e-20,0.0
