Parameter,Initial_Value,Fitted_Value,Standard_Error
I_c,8.679976466913343e-07,4.789585510436712e-07,0.0
f,4894500.000000008,4894471.252499384,0.0
d,0.0029000000000000002,0.0028874670111928365,0.0
phi_0,1.1837981810285572,1.185838206932977,0.0
T,0.5,0.4936278119623323,0.0
r,0.0032959992365865737,0.0029622678426592317,0.0
C,1.705748502994012e-06,1.621404532435272e-06,0.0
