y_field,Ic
-0.01,1.99999999999999e-06
-0.00975,2.99999999999999e-06
-0.0095,4e-06
-0.00925,4.5e-06
-0.009,5.5e-06
-0.00875,5.5e-06
-0.0085,5e-06
-0.00825,3.49999999999999e-06
-0.008,0.00015
-0.00775,2.99999999999999e-06
-0.0075,0.00015
