y_field,Ic
-3e-05,2.8e-05
-2.9e-05,0.00015
-2.8e-05,0.000146
-2.7e-05,0.000147
-2.6e-05,0.000149
-2.5e-05,0.000148
-2.4e-05,1.4e-05
