y_field,Ic
-3e-05,0.000169
-2.9e-05,0.000157
-2.8e-05,0.000147
-2.7e-05,0.000147
-2.6e-05,0.000149
-2.5e-05,0.000149
-2.4e-05,0.000145
-2.3e-05,0.000143
-2.2e-05,0.000139
-2.1e-05,0.000143
-2e-05,0.000145
-1.9e-05,0.000147
-1.8e-05,0.000143
-1.7e-05,1.9e-05
