y_field,Ic
-3e-05,0.000123
-2.9e-05,0.000125
-2.8e-05,0.000125
