y_field,Ic
-3e-05,0.000157
-2.9e-05,0.000145
-2.8e-05,0.000139
