y_field,Ic
-1e-05,0.000134
-9.83333333333333e-06,3.8e-05
