y_field,Ic
-3e-05,0.000126
-2.95e-05,0.0001415
-2.9e-05,0.000131
-2.85e-05,0.0001245
-2.8e-05,0.000124
-2.75e-05,0.0001255
-2.7e-05,0.000126
-2.65e-05,0.0001285
-2.6e-05,0.0001275
-2.55e-05,0.000126
-2.5e-05,0.0001245
-2.45e-05,0.000124
-2.4e-05,0.000123
-2.35e-05,0.000122
-2.3e-05,0.0001185
-2.25e-05,0.0001185
-2.2e-05,0.000123
-2.15e-05,2e-06
