y_field,Ic
-0.00153,0.0001245
-0.001529,0.00012
-0.001528,0.00012875
-0.001527,0.00012025
-0.001526,0.000116
-0.001525,0.0001175
-0.001524,0.00011975
-0.001523,0.0001185
-0.001522,0.00011575
-0.001521,0.00011275
-0.00152,0.000111
-0.001519,0.00011325
-0.001518,0.0001175
-0.001517,0.000117
