y_field,Ic
-0.01,4.5e-06
-0.0096,2.5e-06
-0.0092,2.5e-06
-0.0088,4.5e-06
-0.0084,5e-06
-0.008,5e-06
-0.0076,4e-06
-0.0072,2.5e-06
-0.0068,4.5e-06
-0.0064,7.5e-06
-0.006,1.1e-05
-0.0056,9.5e-06
-0.0052,6.5e-06
-0.0048,4.5e-06
-0.0044,6e-06
-0.004,1.65e-05
-0.0036,2.2e-05
-0.0032,2.8e-05
-0.0028,2.15e-05
-0.0024,1.05e-05
-0.002,6e-06
-0.0016,4.6e-05
-0.0012,7.4e-05
-0.0008,0.00011
-0.0003999999999999,0.000128
0.0,5e-07
0.0004,0.000118
0.0008,0.000106
0.0012,9.6e-05
0.0016,5e-07
