y_field,Ic
-0.000115,4.625e-05
-0.0001149,4.575e-05
-0.0001148,4.55e-05
-0.0001147,4.45e-05
-0.0001146,4.475e-05
-0.0001145,4.35e-05
-0.0001144,4.375e-05
-0.0001143,4.275e-05
-0.0001142,4.25e-05
-0.0001141,4.15e-05
-0.000114,4.175e-05
-0.0001139,4.15e-05
-0.0001138,4.125e-05
-0.0001137,4.075e-05
-0.0001136,4.05e-05
-0.0001135,3.9e-05
-0.0001134,3.875e-05
-0.0001133,3.775e-05
-0.0001132,3.925e-05
