y_field,Ic
-0.000115,8e-06
-0.0001149,8e-06
-0.0001148,8e-06
-0.0001147,8e-06
-0.0001146,6e-06
