y_field,Ic
-0.000115,7.5e-06
-0.0001149,7.5e-06
-0.0001148,7.5e-06
