y_field,Ic
-0.000115,9.2e-06
-0.0001149,1e-05
-0.0001148,9.6e-06
-0.0001147,1e-05
-0.0001146,1e-05
-0.0001145,9.6e-06
-0.0001144,9.6e-06
-0.0001143,1e-05
-0.0001142,9.6e-06
-0.0001141,9.6e-06
-0.000114,9.2e-06
-0.0001139,9.6e-06
-0.0001138,9.2e-06
-0.0001137,8.8e-06
-0.0001136,8.8e-06
