y_field,Ic
-0.00275,2.45e-05
-0.00274,2.1e-05
-0.00273,2.75e-05
-0.00272,2.2e-05
-0.00271,2.75e-05
-0.0027,2.7e-05
-0.00269,2.75e-05
-0.00268,3.1e-05
-0.00267,2.65e-05
-0.00266,3.35e-05
-0.00265,2.6e-05
-0.00264,3.25e-05
-0.00263,2.85e-05
-0.00262,3.3e-05
-0.00261,3.4e-05
-0.0026,3.15e-05
-0.00259,3.75e-05
-0.00258,3.05e-05
-0.00257,3.8e-05
-0.00256,3.05e-05
-0.00255,3.75e-05
-0.00254,3.5e-05
