y_field,Ic
0.001985,3e-06
0.0019851,3e-06
0.0019852,3e-06
0.0019853,3e-06
0.0019854,3e-06
0.0019855,3e-06
0.0019856,3e-06
0.0019857,3e-06
0.0019858,3e-06
0.0019859,3e-06
0.001986,3e-06
0.0019861,3e-06
0.0019862,3e-06
0.0019863,3e-06
0.0019864,3e-06
0.0019865,3e-06
