y_field,Ic
0.0,1.75e-06
2e-05,1.75e-06
4e-05,1.5e-06
6e-05,1.75e-06
8e-05,1.25e-06
0.0001,1.5e-06
0.00012,1.25e-06
0.00014,1.5e-06
0.00016,1.25e-06
0.00018,1.25e-06
0.0002,1.5e-06
