y_field,Ic
-0.002,1.75e-06
-0.00198,1.75e-06
-0.00196,1e-06
-0.00194,1.5e-06
-0.00192,1e-06
-0.0019,1.5e-06
-0.00188,2e-06
-0.00186,1.25e-06
-0.00184,2e-06
-0.00182,1.25e-06
