y_field,Ic
-0.002,1.95e-06
-0.00198,1.05e-06
-0.00196,1.2e-06
-0.00194,1e-06
-0.00192,1.15e-06
-0.0019,1.4e-06
-0.00188,1.15e-06
-0.00186,1.35e-06
-0.00184,1.1e-06
-0.00182,1.2e-06
-0.0018,1.6e-06
-0.00178,1.3e-06
-0.00176,1.55e-06
-0.00174,1.25e-06
-0.00172,1.5e-06
-0.0017,1.8e-06
-0.00168,1.5e-06
-0.00166,1.75e-06
-0.00164,2.15e-06
-0.00162,1.75e-06
