y_field,Ic
0.0,1e-07
2e-05,1e-07
4e-05,1e-07
6e-05,1e-07
8e-05,1e-07
0.0001,1e-07
0.00012,1e-07
0.00014,1e-07
0.00016,1e-07
0.00018,1e-07
0.0002,1e-07
0.00022,1e-07
0.00024,1e-07
0.00026,1e-07
0.00028,1e-07
0.0003,1e-07
