y_field,Ic
-0.0075,2.2e-06
-0.0072857142857142,2.2e-06
-0.0070714285714285,2e-06
