y_field,Ic
-0.000765,1.84e-05
-0.0007648,1.86e-05
-0.0007646,1.82e-05
-0.0007644,1.66e-05
-0.0007642,1.66e-05
-0.000764,1.44e-05
-0.0007638,1.38e-05
-0.0007636,1.36e-05
-0.0007634,1.34e-05
-0.0007632,1.24e-05
-0.000763,1.28e-05
-0.0007628,1.42e-05
-0.0007626,1.44e-05
-0.0007624,1.54e-05
-0.0007622,1.54e-05
-0.000762,1.7e-05
-0.0007618,1.68e-05
