y_field,Ic
0.000235,7e-06
0.0002352,6.5e-06
