y_field,Ic
0.000735,3.3e-06
0.0007352,1.5e-06
0.0007354,2.7e-06
0.0007356,2.35e-06
0.0007358,2.15e-06
0.000736,3.1e-06
0.0007362,3.05e-06
0.0007364,2.65e-06
0.0007366,2.65e-06
0.0007368,3.75e-06
0.000737,2.2e-06
0.0007372,3.7e-06
0.0007374,3.4e-06
