y_field,Ic
-0.001265,1.5e-05
-0.001263,1.5e-05
-0.001261,1.5e-05
-0.001259,1.5e-05
-0.001257,1.5e-05
-0.001255,1.5e-05
-0.001253,1.5e-05
-0.001251,1.5e-05
