y_field,Ic
-0.001265,9.1e-06
-0.001263,9.6e-06
-0.001261,1.34e-05
-0.001259,1.1e-05
-0.001257,8.5e-06
-0.001255,2.7e-06
