y_field,Ic
-0.001265,1.5e-05
-0.0012648,1.5e-05
-0.0012646,1.5e-05
-0.0012644,1.5e-05
-0.0012642,1.5e-05
-0.001264,1.5e-05
-0.0012638,1.5e-05
-0.0012636,1.5e-05
-0.0012634,1.5e-05
-0.0012632,1.5e-05
-0.001263,1.5e-05
-0.0012628,1.5e-05
-0.0012626,1.5e-05
-0.0012624,1.5e-05
-0.0012622,1.5e-05
-0.001262,1.5e-05
-0.0012618,1.5e-05
-0.0012616,1.5e-05
