y_field,Ic
-0.001415,1.5e-05
-0.0014148,1.5e-05
-0.0014146,1.5e-05
-0.0014144,1.5e-05
-0.0014142,1.5e-05
-0.001414,1.5e-05
-0.0014138,1.5e-05
-0.0014136,1.5e-05
-0.0014134,1.5e-05
-0.0014132,1.5e-05
-0.001413,1.5e-05
-0.0014128,1.5e-05
-0.0014126,1.5e-05
-0.0014124,1.5e-05
-0.0014122,1.5e-05
-0.001412,1.5e-05
-0.0014118,1.5e-05
-0.0014116,1.5e-05
-0.0014114,1.5e-05
-0.0014112,1.5e-05
