y_field,Ic
-0.001415,1.5e-05
-0.0014148,1.5e-05
-0.0014146,1.5e-05
-0.0014144,1.5e-05
-0.0014142,1.5e-05
-0.001414,1.5e-05
-0.0014138,1.5e-05
-0.0014136,1.5e-05
-0.0014134,1.5e-05
-0.0014132,1.5e-05
-0.001413,1.5e-05
