y_field,Ic
-0.001415,6.11926605504587e-06
-0.0014148,6.42201834862385e-06
-0.0014146,5.81651376146789e-06
-0.0014144,5.41284403669725e-06
-0.0014142,5.0091743119266e-06
-0.001414,5.0091743119266e-06
-0.0014138,5.11009174311927e-06
-0.0014136,4.70642201834862e-06
-0.0014134,4.70642201834862e-06
-0.0014132,4.70642201834862e-06
-0.001413,4.70642201834862e-06
-0.0014128,5.11009174311927e-06
