y_field,Ic
-0.001415,6.11926605504587e-06
-0.0014148,5.71559633027523e-06
-0.0014146,6.01834862385321e-06
-0.0014144,6.32110091743119e-06
-0.0014142,6.8256880733945e-06
-0.001414,6.8256880733945e-06
-0.0014138,7.3302752293578e-06
-0.0014136,7.93577981651376e-06
-0.0014134,7.63302752293578e-06
-0.0014132,8.03669724770642e-06
