y_field,Ic
-0.0075,2.14285714285714e-06
-0.0074,7.5e-06
-0.0073,2.14285714285714e-06
-0.0072,3.21428571428571e-06
-0.0071,2.14285714285714e-06
