y_field,Ic
0.001185,9.2e-07
0.0011852,8.4e-07
0.0011854,8.4e-07
0.0011856,8e-07
0.0011858,8e-07
0.001186,7.6e-07
0.0011862,8e-07
0.0011864,8e-07
0.0011866,8.4e-07
0.0011868,8e-07
0.001187,8e-07
0.0011872,8e-07
0.0011874,8.8e-07
0.0011876,1e-06
0.0011878,1e-06
0.001188,1.04e-06
0.0011882,1.52e-06
0.0011884,1.56e-06
0.0011886,1.52e-06
0.0011888,2e-06
0.001189,1.88e-06
0.0011892,1.48e-06
0.0011894,1.32e-06
0.0011896,1.56e-06
0.0011898,1.56e-06
0.00119,1.8e-06
