y_field,Ic
-0.00405,5e-05
-0.004045,2.3e-05
-0.00404,2.05e-05
-0.004035,2.1e-05
-0.00403,3.05e-05
