y_field,Ic
-0.0013,0.000130375
-0.00129,0.000112875
-0.00128,0.000100625
-0.00127,0.000102375
-0.00126,9.7125e-05
-0.00125,8.75e-07
