y_field,Ic
-0.0006,0.000168
-0.0005,0.000102
-0.0004,0.000101
-0.0003,0.000103
-0.0002,0.0001
-0.0001,0.0001
0.0,0.0001
9.99999999999999e-05,0.000103
0.0002,0.000101
0.0003,0.0001
0.0004,0.000102
