y_field,Ic
-0.0006,0.00015875
-0.0005,5e-05
-0.0004,5e-05
-0.0003,5e-05
-0.0002,5e-05
-0.0001,0.00012625
0.0,5e-05
9.99999999999999e-05,5.125e-05
0.0002,5.125e-05
0.0003,5.25e-05
0.0004,5.25e-05
