y_field,Ic
-0.0006,0.000155
-0.0005,0.000149
-0.0004,0.000144
-0.0003,0.000145
-0.0002,0.000142
-0.0001,0.000146
0.0,0.00014
9.99999999999999e-05,0.000146
0.0002,0.000139
0.0003,0.00014
0.0004,0.000135
