y_field,Ic
0.0017,7.5e-05
0.001725,1.55e-05
0.00175,5e-05
0.001775,5.2e-05
0.0018,4.9e-05
0.001825,4e-05
0.00185,4.2e-05
0.001875,4e-05
0.0019,5e-07
