y_field,Ic
0.0017,0.000105
0.001725,7.5e-05
0.00175,6.3e-05
0.001775,5.5e-05
0.0018,4.8e-05
0.001825,4.7e-05
0.00185,4.2e-05
